,id,url,date,content,username,replyCount,retweetCount,likeCount,retweetedTweet,mentionedUsers
0,1522605124480380929,https://twitter.com/art_malceva/status/1522605124480380929,2022-05-06 15:52:04+00:00,"My NFT girls‚ô•Ô∏è
For me, this is an important project. I am for the world of free, happy women. It doesn't matter what your skin color, hairstyle and body. It is important to feel beautiful and unique.
#NFTCommunity #femeleart #WomenInCrypto #WomenInNFT

https://t.co/GAEk4YOzqZ https://t.co/UMxqWTKBoN",art_malceva,0,0,8,,
1,1522012711571263488,https://twitter.com/coin_nk914/status/1522012711571263488,2022-05-05 00:38:02+00:00,"I'm testing another skin color.

#NFTCommunity #NFT #NFTCollection #ETH #nftart #openseaNFT  #opensea #voxelarts #voxedit https://t.co/gb3mcOWb5w",coin_nk914,0,0,14,,
2,1521912850649956353,https://twitter.com/CryptoPunksMom/status/1521912850649956353,2022-05-04 18:01:14+00:00,"To celebrate Mother's Day we are going to create #Punk versions of our mothers.

You can choose from hundreds of different features like skin color, hair, mouth, etc.

And at the end you can also put your mother's name as the main name of the #NFT you created.

For The Culture ‚ù§Ô∏è https://t.co/GX3kVeBQaI",CryptoPunksMom,0,0,33,,
3,1521221739501346816,https://twitter.com/EPC_NFT/status/1521221739501346816,2022-05-02 20:15:00+00:00,"‚ö°Ô∏èShockingly another coach finally felt it was time to reveal his ""Electric Turquoise"" features.‚ö°Ô∏è
You may have seen his suit before, but this skin color with it is in a league of its own.

Check out the Discord in bio &amp; all the Socials to see the future of EPC.
#CRO #crofam #NFT https://t.co/7hgKt1lGSL",EPC_NFT,1,1,7,,
4,1520810394150969344,https://twitter.com/Dcmartins0/status/1520810394150969344,2022-05-01 17:00:27+00:00,"As long as skin color is more important than eye brightness, there will be war. 
#004 Special Edition - NO RACISM
#NFTCommunity #NFT #NFTGiveaway #NFTartists #NFTcollections #NFTProject #NFTpolygon #opensea 
https://t.co/580d0Bjnv8 via @opensea",Dcmartins0,0,0,10,,"[User(username='opensea', id=946213559213555712, displayname='OpenSea', description=None, rawDescription=None, descriptionUrls=None, verified=None, created=None, followersCount=None, friendsCount=None, statusesCount=None, favouritesCount=None, listedCount=None, mediaCount=None, location=None, protected=None, linkUrl=None, linkTcourl=None, profileImageUrl=None, profileBannerUrl=None, label=None)]"
5,1520803146792153088,https://twitter.com/AxieSpecial/status/1520803146792153088,2022-05-01 16:31:40+00:00,"My skin color may be different from yours, but we are both human.

#nft #nftgiveaway #NFTCommunity #NFTs #NFTdrop #Whitelist #whitelisted #ElonMusk #NFT #NFTGiveaway  #NFTartist #NFTProject #ElonMuskBuyTwitter https://t.co/NMXKBydFei",AxieSpecial,1,0,8,,
6,1520388995770986496,https://twitter.com/AetherGamesInc/status/1520388995770986496,2022-04-30 13:05:58+00:00,"#AetherGames: Demons Faction üòà

Demons are anthropomorphic creatures whose skin color is determined by their corresponding element.

They are not always evil and aggressive by nature. It was the Demon who brought humans the gift of magical runes! üå†

#AetherVerse #Crypto #NFT https://t.co/MKK8gfydrG",AetherGamesInc,4,9,26,,
7,1519633025138499584,https://twitter.com/JMiller_Dmgmil/status/1519633025138499584,2022-04-28 11:02:01+00:00,"This guy .....ha wow love everything about him! Beanie to skin color combo, the knife the pipe, and the necklace! Sick #ZINU #ZMSSBeanieBuddies #ZMSS #NFTCommunity #NFT https://t.co/zI81XO6H6N",JMiller_Dmgmil,0,4,12,,
8,1519350156973412352,https://twitter.com/coffeesalthoney/status/1519350156973412352,2022-04-27 16:18:00+00:00,"‚Äî
This is a monkey from species Ring
He has neon color fur and black skin color
He wear a red motorcycle jacket and purple glasses
#NFT #nftart #nftcommunity #nftcollector #nftartist #cryptoart #digitalart #art #opensea #nftcollectors #nftdrop #rarenft #UpcomingNFT https://t.co/kc6BenjFAt",coffeesalthoney,0,1,7,,
9,1519239571803983872,https://twitter.com/EBujuni/status/1519239571803983872,2022-04-27 08:58:34+00:00,"I‚Äôm bold, I am sophisticated, I am a strong black woman. My beautiful skin color and gender endows me with power to transform my society and the world into a prosperous and peace haven.
@theblackwomanft
#tbwnft #nft #nftart #cryptoartist 
1/2 https://t.co/9ntikoPVVU",EBujuni,1,6,17,,"[User(username='theblackwomanft', id=1496529807269830662, displayname='The Black Woman NFT', description=None, rawDescription=None, descriptionUrls=None, verified=None, created=None, followersCount=None, friendsCount=None, statusesCount=None, favouritesCount=None, listedCount=None, mediaCount=None, location=None, protected=None, linkUrl=None, linkTcourl=None, profileImageUrl=None, profileBannerUrl=None, label=None)]"
10,1518753871845216256,https://twitter.com/RoyalBloodClash/status/1518753871845216256,2022-04-26 00:48:34+00:00,"Rose Beige Skin Color + Green Background... Link in the Bio #nft #nftart #royalbloodclash #openseanft #opensea #women #archers #shorthair #medieval #MedievalArt #NFTCommunity #nftcollector #NFTCollection 

https://t.co/KDE7W3zdpP https://t.co/tUtO0pjC1w",RoyalBloodClash,1,2,9,,
11,1518683782945157122,https://twitter.com/AnnoyingAbeer/status/1518683782945157122,2022-04-25 20:10:04+00:00,TW: Does skin color determine the worth of someone's life? #nftcommunity #FreePalestine #muslim #arabnft #arab #palestinian #nfts #nft #womeninnft #womaninnft #womeninnfts #iamnickihijab #nftproject #socialjustice #HijabisOurRight #Ramadan https://t.co/0kcip5a0ov,AnnoyingAbeer,0,1,10,,
12,1518260897390776320,https://twitter.com/GenesisToads/status/1518260897390776320,2022-04-24 16:09:40+00:00,"The last sneak peek of the rarest #GenesisToads skin color before the big reveal üëÄ üåà 
How excited are you for this color?

#NFT #nftcollector #cryptocurrency https://t.co/NekUk0FSSm",GenesisToads,8,4,14,,
13,1517673275727687680,https://twitter.com/readyplayeracct/status/1517673275727687680,2022-04-23 01:14:40+00:00,"I don't know about you but this must be one of the cleanest ghost riders in @Pendulum_NFT I've seen. The ears, skin color, and glitch skull traits just work. And it's at ghost rider floor price. üëÄ a steal imho https://t.co/EDEQjJaSoo",readyplayeracct,2,5,28,,"[User(username='Pendulum_NFT', id=1447815224145297412, displayname='Pendulum NFT', description=None, rawDescription=None, descriptionUrls=None, verified=None, created=None, followersCount=None, friendsCount=None, statusesCount=None, favouritesCount=None, listedCount=None, mediaCount=None, location=None, protected=None, linkUrl=None, linkTcourl=None, profileImageUrl=None, profileBannerUrl=None, label=None)]"
14,1517552019187318785,https://twitter.com/Ylvianna_NFT/status/1517552019187318785,2022-04-22 17:12:50+00:00,"@nft_droplets

The great thing about #NFTprojects is that it doesn't matter what gender or skin color you have. Whether rich or poor, old or young. Every human being is valuable. You hardly find that in real life, here you do. It's so great to be a part of this family.

I ‚ù§ you",Ylvianna_NFT,5,6,12,,"[User(username='nft_droplets', id=1486612916224864257, displayname='Droplets', description=None, rawDescription=None, descriptionUrls=None, verified=None, created=None, followersCount=None, friendsCount=None, statusesCount=None, favouritesCount=None, listedCount=None, mediaCount=None, location=None, protected=None, linkUrl=None, linkTcourl=None, profileImageUrl=None, profileBannerUrl=None, label=None)]"
15,1517402498960482304,https://twitter.com/RoyalBloodClash/status/1517402498960482304,2022-04-22 07:18:42+00:00,"Red Background ‚úì Black Skin Color ‚úì Female ‚úì Archers ‚úì ... Check it only on @opensea 

https://t.co/qLDvi6mHnJ

#NFT #NFTshill #NFTCommmunity #NFTartists #nftart #nfteers #RoyalBloodClash #NFTdrop #NFTProject #EthereumNFTs #OpenSeaNFT https://t.co/jC4tvqFx4U",RoyalBloodClash,1,3,9,,"[User(username='opensea', id=946213559213555712, displayname='OpenSea', description=None, rawDescription=None, descriptionUrls=None, verified=None, created=None, followersCount=None, friendsCount=None, statusesCount=None, favouritesCount=None, listedCount=None, mediaCount=None, location=None, protected=None, linkUrl=None, linkTcourl=None, profileImageUrl=None, profileBannerUrl=None, label=None)]"
16,1517268212274106375,https://twitter.com/afftray/status/1517268212274106375,2022-04-21 22:25:05+00:00,"Broken Mask blood and skin color nft on OpenSea by Vegarian
#NFT #artwork #opensea #artcollector #nftdrop #nftartist #nftart #nftcollectibles #nftcollectors #art https://t.co/k0CFW7W8DH",afftray,0,0,7,,
17,1516879712810901504,https://twitter.com/CryptoCocktail_/status/1516879712810901504,2022-04-20 20:41:20+00:00,"@Elder_NFT @ProjectRxnegade Immediate reveal wen mint, recall (Yeet) your ape once a day till you find one you want to keep (Yoink). Choose background color, skin color (8) and name your ape. Receive royalties on all future sales of your ape! #NFTCommunity #NFTshill #RXapes #RXnegade #NFTs https://t.co/hDGhILbJ4j",CryptoCocktail_,0,2,7,,"[User(username='Elder_NFT', id=1483379640714547202, displayname='ElderNFT.eth', description=None, rawDescription=None, descriptionUrls=None, verified=None, created=None, followersCount=None, friendsCount=None, statusesCount=None, favouritesCount=None, listedCount=None, mediaCount=None, location=None, protected=None, linkUrl=None, linkTcourl=None, profileImageUrl=None, profileBannerUrl=None, label=None), User(username='ProjectRxnegade', id=1463302868186931201, displayname='Rxnegade', description=None, rawDescription=None, descriptionUrls=None, verified=None, created=None, followersCount=None, friendsCount=None, statusesCount=None, favouritesCount=None, listedCount=None, mediaCount=None, location=None, protected=None, linkUrl=None, linkTcourl=None, profileImageUrl=None, profileBannerUrl=None, label=None)]"
18,1512868235401588739,https://twitter.com/Creepz_Alpha/status/1512868235401588739,2022-04-09 19:01:09+00:00,See your skin color choices for the new public ID Lizards drop from @CBCreepz üëÄü¶éüî• Which ones your favorite? #NFT #CreepzStrongerTogether #creepzfollowcreepz https://t.co/2V8fXvy3O4,Creepz_Alpha,18,33,93,,"[User(username='CBCreepz', id=1434827896875532291, displayname='Creepz', description=None, rawDescription=None, descriptionUrls=None, verified=None, created=None, followersCount=None, friendsCount=None, statusesCount=None, favouritesCount=None, listedCount=None, mediaCount=None, location=None, protected=None, linkUrl=None, linkTcourl=None, profileImageUrl=None, profileBannerUrl=None, label=None)]"
19,1512816102073643008,https://twitter.com/anondeguerre/status/1512816102073643008,2022-04-09 15:34:00+00:00,"@gainzxbt Algo made this also. Feed your flamingo some nft food, change it‚Äôs skin color. Stuff like that.",anondeguerre,1,0,6,,"[User(username='gainzxbt', id=4107711, displayname='gainzy', description=None, rawDescription=None, descriptionUrls=None, verified=None, created=None, followersCount=None, friendsCount=None, statusesCount=None, favouritesCount=None, listedCount=None, mediaCount=None, location=None, protected=None, linkUrl=None, linkTcourl=None, profileImageUrl=None, profileBannerUrl=None, label=None)]"
20,1512043080043610113,https://twitter.com/Murtik_NFT_Art/status/1512043080043610113,2022-04-07 12:22:17+00:00,"‚ÄúLagoon‚Äù to @opensea 

Space lagoon- beautiful girl with incredible skin color. Its main feature is radiance blue skin tone can light up millions of miles across the Metaverse.
#NFT #NFTCommumity 

https://t.co/4VpuYAJxLL https://t.co/T7zmd0Sj3r",Murtik_NFT_Art,41,38,199,,"[User(username='opensea', id=946213559213555712, displayname='OpenSea', description=None, rawDescription=None, descriptionUrls=None, verified=None, created=None, followersCount=None, friendsCount=None, statusesCount=None, favouritesCount=None, listedCount=None, mediaCount=None, location=None, protected=None, linkUrl=None, linkTcourl=None, profileImageUrl=None, profileBannerUrl=None, label=None)]"
21,1510976070874537996,https://twitter.com/max_maxster/status/1510976070874537996,2022-04-04 13:42:22+00:00,"@ArtvisionNFT supporting each other! we don't need to meet irl to relate. e.g., NFT community's are a great way of meeting like-minded people &amp; work on a common goal, independently of their location, age, gender, sexual orientation, skin color, religion or any other bullsh*t.",max_maxster,6,5,38,,"[User(username='ArtvisionNFT', id=1431768395993780229, displayname='Artvision·¥∫·∂†·µÄ', description=None, rawDescription=None, descriptionUrls=None, verified=None, created=None, followersCount=None, friendsCount=None, statusesCount=None, favouritesCount=None, listedCount=None, mediaCount=None, location=None, protected=None, linkUrl=None, linkTcourl=None, profileImageUrl=None, profileBannerUrl=None, label=None)]"
22,1509987264398561281,https://twitter.com/GENEstory_NFT/status/1509987264398561281,2022-04-01 20:13:12+00:00,"GENEstory is a collection of 2,000 computer-generated, unique GENE sequences. Each GENE sequence portrays one of five backgrounds, one of three  helix‚Äôs, and four randomized attributes: hair color, eye color, skin color, and height in inches. 
#NFT #NFTs #NFTProject #SolanaNFTs https://t.co/x1tKoPha3G",GENEstory_NFT,0,0,7,,
23,1509931891062939648,https://twitter.com/dreamobit/status/1509931891062939648,2022-04-01 16:33:10+00:00,"1% skin color on this super rare #TurtleToken. #1207 is beautiful ate available as of today!! Check him and all his friends out!!!

#NewNFT #NewNFTProjects #NFTCommmunity #NFT #NFTartist #PolygonNFT #poloygon #nftcollector #dreamobit 

 https://t.co/w66ohludmI via @opensea",dreamobit,2,0,10,,"[User(username='opensea', id=946213559213555712, displayname='OpenSea', description=None, rawDescription=None, descriptionUrls=None, verified=None, created=None, followersCount=None, friendsCount=None, statusesCount=None, favouritesCount=None, listedCount=None, mediaCount=None, location=None, protected=None, linkUrl=None, linkTcourl=None, profileImageUrl=None, profileBannerUrl=None, label=None)]"
24,1508806846429204494,https://twitter.com/Cryptoescobarjr/status/1508806846429204494,2022-03-29 14:02:39+00:00,Being in the Nft space for minorities is kinda frustrating once Certain people figure out your ethnicity they don‚Äôt wanna do business with you anymore or help you with your project if you don‚Äôt want to help me because of my skin color it‚Äôs cool I‚Äôll found something else,Cryptoescobarjr,3,2,10,,
25,1508422948964687879,https://twitter.com/Oluwashinadunt1/status/1508422948964687879,2022-03-28 12:37:10+00:00,"The things you fear your brother would do can be done by any skin color to you! How many #NFT projects have rugged pull and are not Nigerian-owned? 

Lol
Still, you fall victim

Your brother gets an idea, creates it on ‚Äúthe blockchain,‚Äù you ignore and claim it‚Äôs scam at 1st sight",Oluwashinadunt1,1,2,15,,
26,1508064781592375296,https://twitter.com/NoDechev/status/1508064781592375296,2022-03-27 12:53:57+00:00,"Meet Resistance boy #2

So cute? 

Rarity: Hair, hair color, glasses, skin color, background

Price: 0.2 #ETH 

https://t.co/GPxBnBgk0h

#withFND #NFTFam #NFT #NFTCommunity #NFTdrop #NFTProject #NFTartist #FoundationNFT #foundationapp #foundation #foundationCommunity #NFT #NFTs https://t.co/Zzb64GNDOI",NoDechev,2,2,6,,
27,1504234741465112578,https://twitter.com/outlaws_nft/status/1504234741465112578,2022-03-16 23:14:44+00:00,"That‚Äôs why our roadmap is loaded with utility‚Ä¶

Gate community site with poker training resources ‚úÖ 
Early access to L2 poker tech ‚úÖ 
Eliminate rake on platform ‚úÖ 
Playing **as your NFT** on platform ‚úÖ 
Pick out own gender / skin color ‚úÖ https://t.co/gO4D3Wpvq9",outlaws_nft,6,37,37,,
28,1503490964530245634,https://twitter.com/wofnft/status/1503490964530245634,2022-03-14 21:59:14+00:00,"Pretty straight forward üöÄüèÅ
Whitelisted who mints 2 receives a 3rd customized NFT (pick your own jersey color, skin color, hair color, etc)
And the first 500 people to mint 2 receive $200 instant cash back. Retweet! https://t.co/UW5oIIWxR2",wofnft,7,55,175,,
29,1503437708391170055,https://twitter.com/AsdafNFT/status/1503437708391170055,2022-03-14 18:27:36+00:00,"#Web3 doesn‚Äôt care about your skin color, religion or age. 

It cares about : 

‚Ä¢ How you make someone feel. 
‚Ä¢ The value you can provide. 
‚Ä¢ Support you‚Äôre willing to give. 

GM #NFT üåé",AsdafNFT,1,1,17,,
30,1501933114511478788,https://twitter.com/ChumbiValley/status/1501933114511478788,2022-03-10 14:48:53+00:00,"Part of the fun in RPGs is the ability to customize your player to your own preference, &amp; Chumbi Valley will be no exception üòç

CUSTOMIZATIONS:
‚≠êÔ∏è Avatar (x2)
‚≠êÔ∏è Skin Color
‚≠êÔ∏è Eye Color
‚≠êÔ∏è Hair Color
‚≠êÔ∏è Hair Style
‚≠êÔ∏è Cloak Color 
‚≠êÔ∏è Cloak Trim Color

#NFT #NFTGame #PlayToEarn https://t.co/aPRBfHDLGM",ChumbiValley,20,43,185,,
31,1501133854156808193,https://twitter.com/twp_tw/status/1501133854156808193,2022-03-08 09:52:55+00:00,"GM / GE /GN‚ù§
SS1 is coming to an end at 50item. Find another 100 items of Jun variety in SS2.
(species, skin color and more options)
#NFT #ProfilePic
Holders Jun please join discord 
Pretty Kawa1:1 club
https://t.co/Glv5ZXbX0l

~Jungirls collection~ https://t.co/BNuzZSBksH",twp_tw,5,27,58,,
32,1500953493909417984,https://twitter.com/Algo_istha/status/1500953493909417984,2022-03-07 21:56:13+00:00,"https://t.co/QD1QaOAn5L
@GitaGopinath 
No matter who you are, where you came from, how much education you have, or what your skin color or gender identity is. They don't impact your ability to change lives in the society.
#NFT #WomensDay2022 #NFTs #nftart @opensea #OpenSeaNFT",Algo_istha,0,0,9,,"[User(username='GitaGopinath', id=1197276034288308224, displayname='Gita Gopinath', description=None, rawDescription=None, descriptionUrls=None, verified=None, created=None, followersCount=None, friendsCount=None, statusesCount=None, favouritesCount=None, listedCount=None, mediaCount=None, location=None, protected=None, linkUrl=None, linkTcourl=None, profileImageUrl=None, profileBannerUrl=None, label=None), User(username='opensea', id=946213559213555712, displayname='OpenSea', description=None, rawDescription=None, descriptionUrls=None, verified=None, created=None, followersCount=None, friendsCount=None, statusesCount=None, favouritesCount=None, listedCount=None, mediaCount=None, location=None, protected=None, linkUrl=None, linkTcourl=None, profileImageUrl=None, profileBannerUrl=None, label=None)]"
33,1500717490586144769,https://twitter.com/LiamNancarrow/status/1500717490586144769,2022-03-07 06:18:26+00:00,@Johant_NFT @projectPXN @Pants_shh @reicannon @Yuri @Ehawkjj24 @veezyvangogh @Arkaiju @rodney_eth @dexd0x @BankaiSauce nice artwork - i'm being picky here but why are the bobas a different skin color? xD,LiamNancarrow,4,0,7,,"[User(username='projectPXN', id=1465940862928658437, displayname='Phantom Network', description=None, rawDescription=None, descriptionUrls=None, verified=None, created=None, followersCount=None, friendsCount=None, statusesCount=None, favouritesCount=None, listedCount=None, mediaCount=None, location=None, protected=None, linkUrl=None, linkTcourl=None, profileImageUrl=None, profileBannerUrl=None, label=None), User(username='Pants_shh', id=994328508036857856, displayname='A Nice Floor | NANOVERSE Legal üö®üöîüö®', description=None, rawDescription=None, descriptionUrls=None, verified=None, created=None, followersCount=None, friendsCount=None, statusesCount=None, favouritesCount=None, listedCount=None, mediaCount=None, location=None, protected=None, linkUrl=None, linkTcourl=None, profileImageUrl=None, profileBannerUrl=None, label=None), User(username='reicannon', id=1451005962991509506, displayname='#0 Rei | NANOVERSE DEV', description=None, rawDescription=None, descriptionUrls=None, verified=None, created=None, followersCount=None, friendsCount=None, statusesCount=None, favouritesCount=None, listedCount=None, mediaCount=None, location=None, protected=None, linkUrl=None, linkTcourl=None, profileImageUrl=None, profileBannerUrl=None, label=None), User(username='Yuri', id=1484581, displayname='Yuri', description=None, rawDescription=None, descriptionUrls=None, verified=None, created=None, followersCount=None, friendsCount=None, statusesCount=None, favouritesCount=None, listedCount=None, mediaCount=None, location=None, protected=None, linkUrl=None, linkTcourl=None, profileImageUrl=None, profileBannerUrl=None, label=None), User(username='Ehawkjj24', id=1494273658201665537, displayname='JJ | P24', description=None, rawDescription=None, descriptionUrls=None, verified=None, created=None, followersCount=None, friendsCount=None, statusesCount=None, favouritesCount=None, listedCount=None, mediaCount=None, location=None, protected=None, linkUrl=None, linkTcourl=None, profileImageUrl=None, profileBannerUrl=None, label=None), User(username='veezyvangogh', id=1445436425332301834, displayname='Veezy', description=None, rawDescription=None, descriptionUrls=None, verified=None, created=None, followersCount=None, friendsCount=None, statusesCount=None, favouritesCount=None, listedCount=None, mediaCount=None, location=None, protected=None, linkUrl=None, linkTcourl=None, profileImageUrl=None, profileBannerUrl=None, label=None), User(username='arkaiju', id=1517522743729741824, displayname='Arkaiju', description=None, rawDescription=None, descriptionUrls=None, verified=None, created=None, followersCount=None, friendsCount=None, statusesCount=None, favouritesCount=None, listedCount=None, mediaCount=None, location=None, protected=None, linkUrl=None, linkTcourl=None, profileImageUrl=None, profileBannerUrl=None, label=None), User(username='rodney_eth', id=1353085216621961216, displayname='Nanoverse Rooodneeeyyy', description=None, rawDescription=None, descriptionUrls=None, verified=None, created=None, followersCount=None, friendsCount=None, statusesCount=None, favouritesCount=None, listedCount=None, mediaCount=None, location=None, protected=None, linkUrl=None, linkTcourl=None, profileImageUrl=None, profileBannerUrl=None, label=None), User(username='dexd0x', id=1470703384134963202, displayname='DŒûX', description=None, rawDescription=None, descriptionUrls=None, verified=None, created=None, followersCount=None, friendsCount=None, statusesCount=None, favouritesCount=None, listedCount=None, mediaCount=None, location=None, protected=None, linkUrl=None, linkTcourl=None, profileImageUrl=None, profileBannerUrl=None, label=None), User(username='BankaiSauce', id=1466140736903069707, displayname='BankaiSauce', description=None, rawDescription=None, descriptionUrls=None, verified=None, created=None, followersCount=None, friendsCount=None, statusesCount=None, favouritesCount=None, listedCount=None, mediaCount=None, location=None, protected=None, linkUrl=None, linkTcourl=None, profileImageUrl=None, profileBannerUrl=None, label=None)]"
34,1500441897613111297,https://twitter.com/Marcrypto6/status/1500441897613111297,2022-03-06 12:03:19+00:00,"Have you managed to collect your FREE  3D #NFT Blue edition of today's Para-Snowboarding Drop? üö®
Get yours below üëáüèΩ
https://t.co/vIKouy3rl4

Hi  @chiko_roko , found a car that matches my skin color üòâ Can you guess from where?
#ParaSnowboarding #NFTs #NFTcommunity #nftcollector https://t.co/BliGdypT1L",Marcrypto6,0,0,7,,"[User(username='chiko_roko', id=1430993682958802949, displayname='Chiko & Roko NFT', description=None, rawDescription=None, descriptionUrls=None, verified=None, created=None, followersCount=None, friendsCount=None, statusesCount=None, favouritesCount=None, listedCount=None, mediaCount=None, location=None, protected=None, linkUrl=None, linkTcourl=None, profileImageUrl=None, profileBannerUrl=None, label=None)]"
35,1498279727563362304,https://twitter.com/UnnoMAMA/status/1498279727563362304,2022-02-28 12:51:38+00:00,"„ÄêMy NFT artworks„Äë
üíúUnno  Girlsüë©
A collection of girls living in a shared house.
https://t.co/yx43dz8JrC
üåê100 people 100 colorsüßëüèª‚Äçü¶≥üë®üèø‚Äçü¶±üë©‚Äçü¶∞
A collection that hopes for a world where everyone can enjoy themselves regardless of their eye color or skin color.
https://t.co/GZCy5RVvHx https://t.co/Ap8z75Q4zr",UnnoMAMA,1,8,28,,
36,1497666839723356173,https://twitter.com/NftKeepers/status/1497666839723356173,2022-02-26 20:16:14+00:00,"Somewhere in Africa, different people of different skin color, and different backgrounds got together to beat the African drum. This is what we stand for.üåçüõñüî•üáøüá¶ #NFTs #NFT #NFTMzansi #NFTCommunity https://t.co/uDDdEqGFG5",NftKeepers,1,1,7,,
37,1497212358451556360,https://twitter.com/TheUnivexe/status/1497212358451556360,2022-02-25 14:10:17+00:00,"That's why we decided to build our project on elrond! 

Best crypto community by far!‚ù§Ô∏è

Always wanting to help others, regardless of skin color, origin or religionüôèüèª

By the way, have a great weekend Univexe travelersü™ê 

$EGLD #NFT #UkraineRussia #Peace https://t.co/AvLotW79cz",TheUnivexe,1,15,40,,
38,1494907913663836162,https://twitter.com/BitmaniaCnft/status/1494907913663836162,2022-02-19 05:33:15+00:00,"üì¢Deep meaning in @GrowingPainsNFT 
 
‚ô•Ô∏èAll components are similar. just change skin color , feelings towards people are different.
‚úÖeveryone has a heart.

‚ô•Ô∏è""Body : Spot Of Bother"" immediately become beautiful.

#GROWINGPAINS #ADA #Cardano #NFT #CardanoNFT #CNFT #cnftproject https://t.co/rw52A9y9xS",BitmaniaCnft,1,5,25,,"[User(username='GrowingPainsNFT', id=1517121821094592513, displayname='PAINS NFT', description=None, rawDescription=None, descriptionUrls=None, verified=None, created=None, followersCount=None, friendsCount=None, statusesCount=None, favouritesCount=None, listedCount=None, mediaCount=None, location=None, protected=None, linkUrl=None, linkTcourl=None, profileImageUrl=None, profileBannerUrl=None, label=None)]"
39,1494857665839009794,https://twitter.com/srinigoes/status/1494857665839009794,2022-02-19 02:13:35+00:00,"2/2
Your skin color, sex or sexual preference, net worth or bags,  continent or even your time zone don't matter. I've made stronger connections with many Anons than I have irl. You can only understand this if you really engage with NFT communities from inside
#ApesTogetherStrong https://t.co/XF1g27reIL",srinigoes,1,6,17,,
40,1494607809954336772,https://twitter.com/13thstclubnft/status/1494607809954336772,2022-02-18 09:40:45+00:00,"[SNEAK PEEK] TABBY 6/7

Tabby cats in your dreams mean good luck, prosperity, joy, and sweetness.

This cat is a symbol of purity and loyalty. 

Layer: Skin
Color: TABBY

#NFT #NFTs #NFTart #NFTcollection #LuckyNeko #13thstreetcubnft #Opensea https://t.co/56IU2196Ju",13thstclubnft,3,3,12,,
41,1494522061288620036,https://twitter.com/TheGreyhoundSoc/status/1494522061288620036,2022-02-18 04:00:00+00:00,"Each Greyhound House has a skin color and also variations.

Which variation would you like to get? üëÄ

#CNFT #CNFTCommunity #NFT https://t.co/Hhqr765npu",TheGreyhoundSoc,7,7,40,,
42,1494235210627440641,https://twitter.com/13thstclubnft/status/1494235210627440641,2022-02-17 09:00:10+00:00,"[SNEAK PEEK] SIAMESE/POINTED 5/7

This cat represents wealth, prosperity, and good luck. Siamese cats represent luxury items that will lead to a life full of love and happiness if you are lucky enough to find one.

Layer: Skin
Color: SIAMESE/POINTED
#NFT #NFTs #LuckyNeko #NFTart https://t.co/L1dopCEQax",13thstclubnft,3,4,15,,
43,1493875571239309320,https://twitter.com/CryptoFrenzyNFT/status/1493875571239309320,2022-02-16 09:11:05+00:00,"Better late than never!
CryptoKoko delivering Valentine's gift to all of you with an engagement ring, flowers and PS5!

Featuring CryptoKoko rainbow skin color!

#CardanoCommunity #cnftproject #CNFT #CNFTs #Cardano #NFT #NFTdrop https://t.co/FEq0sGmTnj",CryptoFrenzyNFT,3,2,9,,
44,1493122493825130499,https://twitter.com/CryptoAsses/status/1493122493825130499,2022-02-14 07:18:38+00:00,"üçë CryptoAss #91 T-800 Ass üñ≤Ô∏èü¶æ
I need your clothes, your boots, and your ass!

Features  -  Robot Terminator
Skin color - White
Race - Cyborg
Weight, kg - 80

üçë Available on OpenSea: https://t.co/mOmilEagmL

#nftart #NFTs #NFT https://t.co/JlJm08Uwm4",CryptoAsses,3,1,11,,
45,1492050806484332545,https://twitter.com/13thstclubnft/status/1492050806484332545,2022-02-11 08:20:07+00:00,"[SNEEK PEAK] Black

You may want to welcome a black cat into your home if you seek more security and stability in your health and finances.

Here's the 2D model base design for our upcoming 3D animated Lucky Neko NFTs.

Layer: Skin
Color: Black

#NFT #NFTs #NFTCommunity #NFTdrop https://t.co/kReKSLu8l1",13thstclubnft,1,3,12,,
46,1491326997070778368,https://twitter.com/13thstclubnft/status/1491326997070778368,2022-02-09 08:23:58+00:00,"[SNEAK PEEK] BICOLOR

Expect fun and play when one of these cats comes to your home.

Here's the 2D model base design for our upcoming 3D animated Lucky Neko NFTs and Toys that will bring luck to every holder! 

Layer: Skin
Color: Bicolor

#NFT #NFTs #13thstreetclubnft #LuckyNeko https://t.co/iPIQoDhyk2",13thstclubnft,3,2,17,,
47,1491254757566345217,https://twitter.com/TotallyNotYeti/status/1491254757566345217,2022-02-09 03:36:55+00:00,"Contrary to the popular belief, my skin color is not blue. 

NFT                                  Creator https://t.co/pPJMj2vz67 https://t.co/LlHrVT95b5",TotallyNotYeti,5,7,31,,
48,1491155746981318657,https://twitter.com/Superjiji1209/status/1491155746981318657,2022-02-08 21:03:29+00:00,"@diverse 
Let‚Äôs promote this project that emphasizes on the beautiful diversity of the world. 
Each one of us is beautiful the way we are and no one should be treated any different due to their skin color or ethnicity. #diverse #diversenft #NFT #NFTs",Superjiji1209,2,1,7,,"[User(username='diverse', id=1471218924679221252, displayname='DIVERSE', description=None, rawDescription=None, descriptionUrls=None, verified=None, created=None, followersCount=None, friendsCount=None, statusesCount=None, favouritesCount=None, listedCount=None, mediaCount=None, location=None, protected=None, linkUrl=None, linkTcourl=None, profileImageUrl=None, profileBannerUrl=None, label=None)]"
49,1488475001875542019,https://twitter.com/jbwb2020/status/1488475001875542019,2022-02-01 11:31:09+00:00,"#SIL #SkullsInLove #SocialGood #NFT üöÄüåò
Q: Why are the Skulls In Love characters skeletons? Are they undead monsters?
A: No. They are human beings, and they are us. They say, ""It is ridiculous to discriminate against others by skin color and appearance.""
https://t.co/UTjWold360",jbwb2020,0,1,10,,
50,1488255770583973890,https://twitter.com/InteractivePunk/status/1488255770583973890,2022-01-31 21:00:00+00:00,"IInteractive Punk #029 - Lauraüíõ
You can change skin color and hair color with a key

UNIQUE EDITION
2.0 XTZ‚ú®

https://t.co/85UVe2VlyX

#objkt #NFT #CleanNFT #cleanNFTs #nftart #NFTcommunity #NFT #Tez #Punk #Punks #CryptoPunks #collectible #cryptoart #interactive #interactivenft https://t.co/8QWbK4Y0ku",InteractivePunk,1,0,7,,
51,1488200924514430980,https://twitter.com/InteractivePunk/status/1488200924514430980,2022-01-31 17:22:04+00:00,"Interactive Punk #028 - Dario üíõ
You can change skin color and hair color with a key

UNIQUE EDITION
2.0 XTZ‚ú®

https://t.co/uUR8LrtRZ2

#objkt #NFT #CleanNFT #cleanNFTs #nftart #NFTcommunity #NFT #Tez #Punk #Punks #CryptoPunks #collectible #cryptoart #interactive #interactivenft https://t.co/VYAH6Tx4gb",InteractivePunk,1,1,8,,
52,1487909840521502723,https://twitter.com/TheWolfofStPete/status/1487909840521502723,2022-01-30 22:05:24+00:00,"Hearing offers on my Lynx, I know ill regret it but the funds would help a lot right now! Not sure what to price him at considering he's the rarest skin color behind the acid/galaxy skins, open to offers! üò∫üôåüèΩüî•
@linx_nft 
-
#Algo #Algorand #Algofam #AlgoNFTs #AlgoCommunity https://t.co/czIkzZsxvm",TheWolfofStPete,1,6,11,,"[User(username='linx_nft', id=1494375339027419146, displayname='Mayora Linx', description=None, rawDescription=None, descriptionUrls=None, verified=None, created=None, followersCount=None, friendsCount=None, statusesCount=None, favouritesCount=None, listedCount=None, mediaCount=None, location=None, protected=None, linkUrl=None, linkTcourl=None, profileImageUrl=None, profileBannerUrl=None, label=None)]"
53,1487893380180975629,https://twitter.com/InteractivePunk/status/1487893380180975629,2022-01-30 21:00:00+00:00,"Interactive Punk #025 - Ireneüíõ
You can change skin color and hair color with a key

UNIQUE EDITION
1.5 XTZ‚ú®

https://t.co/7ZsS1qkUUX

#objkt #NFT #CleanNFT #cleanNFTs #nftart #NFTcommunity #NFT #Tez #Punk #Punks #CryptoPunks #collectible #cryptoart #interactive #interactivenft https://t.co/hEAvHZHcmV",InteractivePunk,2,2,8,,
54,1487828846170841093,https://twitter.com/TheWolfofStPete/status/1487828846170841093,2022-01-30 16:43:34+00:00,"Would anyone be interested in a reverse auction for my @linx_nft Algo Lynx #195? üòéüò∫
Rarest skin color behind Acid/Galaxy skins üëÄüî•
Shares are helpful, looking to make a big purchase in the near future and this sale would help massively! üôåüèΩ
-
#Algo #Algorand #Algofam #AlgoNFTs https://t.co/o0Q3A6CwfN",TheWolfofStPete,1,6,9,,"[User(username='linx_nft', id=1494375339027419146, displayname='Mayora Linx', description=None, rawDescription=None, descriptionUrls=None, verified=None, created=None, followersCount=None, friendsCount=None, statusesCount=None, favouritesCount=None, listedCount=None, mediaCount=None, location=None, protected=None, linkUrl=None, linkTcourl=None, profileImageUrl=None, profileBannerUrl=None, label=None)]"
55,1487429700947304456,https://twitter.com/ClaireDeVille3/status/1487429700947304456,2022-01-29 14:17:30+00:00,"I can‚Äôt even imagine what it feels like to be discrinated against because of skin color. And mistreated. All the time. 

Scared To Be Black
Oil pastel #painting 

#artistontwitter #nft #nftcommunity #blacklivesmatter https://t.co/8zenkYQ1PV",ClaireDeVille3,0,1,5,,
56,1487400833990164484,https://twitter.com/ccnft_cecil/status/1487400833990164484,2022-01-29 12:22:48+00:00,"Guinea Pig 3D is a collection made by voxedit, every guinea pig is unique.üêπ Different Skin color, Hat or Back.üëë

https://t.co/7SYe4AeN1l

#NFT #NFTs #NFTartists #NFTCollection #guineapig #voxEdit",ccnft_cecil,2,28,77,,
57,1487096127115575296,https://twitter.com/CultureOfWomen/status/1487096127115575296,2022-01-28 16:12:00+00:00,"Culture of Women - Space Edition üöÄ
MINT is LIVE on: https://t.co/M3ngxdO4jx

We know that EVERYONE can fly! Regardless of religion, culture, gender, skin color!

Mae Jemison could do that! ü¶∏üèΩ‚Äç‚ôÄÔ∏èüöÄ You can do that too!

#womennft #space #NFT #women https://t.co/HZGAyg6X8s",CultureOfWomen,0,4,13,,
58,1486548577304576000,https://twitter.com/TSunriseP1/status/1486548577304576000,2022-01-27 03:56:14+00:00,"@GrillzABallerz @IzzyPollak @kurtybot @HlTrujillo @BALLERZ_NFT @Ed_Balloon I do have to agree with this. I never really even thought about the race of my ballerz until this post.

I honestly feel if we are not allowed to vibe with a PFP that is not our irl skin color/ethnicity/gender...then we are going backwards and need to revisit ""inclusivity""",TSunriseP1,0,0,11,,"[User(username='IzzyPollak', id=229005956, displayname='Izzy Pollak | @Genies | üëΩüÖ∞Ô∏è', description=None, rawDescription=None, descriptionUrls=None, verified=None, created=None, followersCount=None, friendsCount=None, statusesCount=None, favouritesCount=None, listedCount=None, mediaCount=None, location=None, protected=None, linkUrl=None, linkTcourl=None, profileImageUrl=None, profileBannerUrl=None, label=None), User(username='kurtybot', id=221278284, displayname='KŒûRTY', description=None, rawDescription=None, descriptionUrls=None, verified=None, created=None, followersCount=None, friendsCount=None, statusesCount=None, favouritesCount=None, listedCount=None, mediaCount=None, location=None, protected=None, linkUrl=None, linkTcourl=None, profileImageUrl=None, profileBannerUrl=None, label=None), User(username='HlTrujillo', id=374041428, displayname='H√©ctor üëΩüÖ∞Ô∏è #073', description=None, rawDescription=None, descriptionUrls=None, verified=None, created=None, followersCount=None, friendsCount=None, statusesCount=None, favouritesCount=None, listedCount=None, mediaCount=None, location=None, protected=None, linkUrl=None, linkTcourl=None, profileImageUrl=None, profileBannerUrl=None, label=None), User(username='BALLERZ_NFT', id=1445265809773772806, displayname='BALLERZ', description=None, rawDescription=None, descriptionUrls=None, verified=None, created=None, followersCount=None, friendsCount=None, statusesCount=None, favouritesCount=None, listedCount=None, mediaCount=None, location=None, protected=None, linkUrl=None, linkTcourl=None, profileImageUrl=None, profileBannerUrl=None, label=None), User(username='Ed_Balloon', id=224039151, displayname='Ed Balloon.eth', description=None, rawDescription=None, descriptionUrls=None, verified=None, created=None, followersCount=None, friendsCount=None, statusesCount=None, favouritesCount=None, listedCount=None, mediaCount=None, location=None, protected=None, linkUrl=None, linkTcourl=None, profileImageUrl=None, profileBannerUrl=None, label=None)]"
59,1486443832908697604,https://twitter.com/InteractivePunk/status/1486443832908697604,2022-01-26 21:00:01+00:00,"Interactive Punk #023 - Albaüíõ
You can change skin color and hair color with a key

UNIQUE EDITION
‚ú®1.5 XTZ‚ú®

https://t.co/Wcd7EX3zVd

#objkt #NFT #CleanNFT #cleanNFTs #nftart #NFTcommunity #NFT #Tez #Punk #Punks #CryptoPunks #collectible #cryptoart #interactive #interactivenft https://t.co/uyVpGJHClT",InteractivePunk,0,0,8,,
60,1485390856181985284,https://twitter.com/InteractivePunk/status/1485390856181985284,2022-01-23 23:15:51+00:00,"GIVEAWAY‚ú®
GIVEAWAY‚ú®

For this new project ""Interactive Punks"" we'll give away punks #7 and #8. You can change skin color and hair color with a Key!

https://t.co/BmENxE9Yzz

RT and comment ‚ö°Ô∏è Winners on Saturday!

#NFT #Punks #Collectibles #nftart #CleanNFT #Giveaway #XTZ https://t.co/JOL0HwOoyF",InteractivePunk,29,26,43,,
61,1485087294931492870,https://twitter.com/tokebi_artist/status/1485087294931492870,2022-01-23 03:09:37+00:00,"This is our world now. The #blockchain and the #nft; the beauty of the baud. We exist without nationality, skin color, or religious bias. I am a #nftartist, and this is my manifesto.",tokebi_artist,0,9,13,,
62,1484939829578280965,https://twitter.com/LovelikySC/status/1484939829578280965,2022-01-22 17:23:38+00:00,"This collection is dedicated to all people on earth, and does not divide us by nationality or skin color. ‚ù§Ô∏è‚ù§Ô∏è‚ù§Ô∏è

#NFTCommmunity #crypto #NFT #nftart #racism #RacismIsNotComedy #openseanfts https://t.co/XrGywWoukn",LovelikySC,4,0,7,,
63,1481446057011785730,https://twitter.com/MadDawgsNFT/status/1481446057011785730,2022-01-13 02:00:38+00:00,LOOK AT ME! Been having fun with these rapper skins! Fun Fact: The skin tone is taking off an actual XXXTentacion photograph to give it the closest skin color possible. #LLJ #RIP #NFT https://t.co/5AnmwX2EkY,MadDawgsNFT,2,12,26,,
64,1480594284650930178,https://twitter.com/drunkassdinos/status/1480594284650930178,2022-01-10 17:36:00+00:00,"WHAT IS THE MOST RARE TRAIT IN DADs?

Gold skin color! There are only 37 of these in the 10k collection!!

While this trait is super rare, it has no impact to BAC so this guy is just buzzed.

Rare ‚â† Drunk 

#NFTCommunity #NFTs #NFT #NFTcollection #nftart  #Whitelist #NFTdrop https://t.co/eMwZi5PJEt https://t.co/mlIgzorEV2",drunkassdinos,2,1,6,,
65,1479154095357239296,https://twitter.com/niche_nft/status/1479154095357239296,2022-01-06 18:13:12+00:00,"‚ù§ 3  left ‚ù§ 
‚ù§ Three LEFT ONLY ‚ù§ 
""Preserve My Love""
From boundation of gender, caste, religion, skin color, nationality, and no expectation in return.

#NFT #NFTCommunity 
Collect for loved ones
3/6 - 2 $xtz
https://t.co/Mu0Hzfz7u8
https://t.co/Y5uGjCSe7T https://t.co/To8m0OcPMf",niche_nft,1,3,11,,
66,1478793849523044352,https://twitter.com/niche_nft/status/1478793849523044352,2022-01-05 18:21:43+00:00,"‚ù§ FOUR LEFT ONLY ‚ù§ 
""Preserve My Love""
From boundation of gender, caste, religion, skin color, nationality, and no expectation in return.

#NFT #NFTCommunity 
Collect for loved ones
4/6 - 2 $xtz
https://t.co/Mu0Hzfz7u8
https://t.co/Y5uGjCSe7T https://t.co/UdEp8Iaag6",niche_nft,1,3,8,,
67,1478698236806197252,https://twitter.com/niche_nft/status/1478698236806197252,2022-01-05 12:01:47+00:00,"‚ù§ NEW DROP ‚ù§ 
""Preserve My Love""
From boundation of gender, caste, religion, skin color, nationality, and no expectation in return.

#NFT #NFTCommunity 
Collect your loved ones
6/6 - 2 $xtz
https://t.co/Mu0Hzfz7u8
https://t.co/Y5uGjCSe7T https://t.co/w0bYZ7Zjuu",niche_nft,5,12,22,,
68,1476570797426700293,https://twitter.com/ab0ogee/status/1476570797426700293,2021-12-30 15:08:06+00:00,"10/ Did it again in Nov (Deepavali) &amp; Dec (Xmas). I do it because I‚Äôm celebrating Malaysian talent. I dont care abt yr skin color/faith, I care abt my ppl ‚ù§Ô∏è &amp; if I can make a difference for them, I‚Äôll do it

Our country isn‚Äôt perfect, but our people are ‚ù§Ô∏è

*üîµ NFT
*üî¥ Kripto https://t.co/854YoiVg8W",ab0ogee,3,13,62,,
69,1475829199839526912,https://twitter.com/kolemozterclub/status/1475829199839526912,2021-12-28 14:01:15+00:00,"New Drop! KoleMozter #223 - Kole love fish, he has a small aquarium at home with texas fish, the skin color same as him üòãüêüüêü @opensea #nft #nftart #kolemozter #ETH 
üåê https://t.co/xVfIfZe26l https://t.co/35RvHVzSGk",kolemozterclub,2,2,16,,"[User(username='opensea', id=946213559213555712, displayname='OpenSea', description=None, rawDescription=None, descriptionUrls=None, verified=None, created=None, followersCount=None, friendsCount=None, statusesCount=None, favouritesCount=None, listedCount=None, mediaCount=None, location=None, protected=None, linkUrl=None, linkTcourl=None, profileImageUrl=None, profileBannerUrl=None, label=None)]"
70,1475390998880481280,https://twitter.com/CatTail_NFT/status/1475390998880481280,2021-12-27 09:00:00+00:00,"#143 has the same hair and skin color.üêà
It is careful not to cut too much hair by mistake.

#NFT #NFTs #nftart #cryptoart #cattail #cattail143 #cattailStory

https://t.co/ZSiwSpWCRK https://t.co/WSX6PseOlM",CatTail_NFT,1,0,6,,
71,1470429599792205826,https://twitter.com/Pixel_Beauties/status/1470429599792205826,2021-12-13 16:25:10+00:00,"Just minted some black girls in my collection!!

Beauty is not only about skin color..
Please take a look at them :)
https://t.co/J2CgWo2GHg

#davincinft #davincigallery #NFTcollection #NFTCommunity #NFT #NFTs #nftart https://t.co/7OhXeAkHwq",Pixel_Beauties,3,3,16,,
72,1470142221555052547,https://twitter.com/dawgstersnft/status/1470142221555052547,2021-12-12 21:23:14+00:00,Our next project sneek-peek. What do you guys think? Which skin color is better? #NFT https://t.co/3QKTtGUaG2,dawgstersnft,3,1,5,,
73,1468706969833852933,https://twitter.com/TheWolfofStPete/status/1468706969833852933,2021-12-08 22:20:03+00:00,"Hearing offers on my @linx_nft Algo Lynx #195! üôåüèΩ
Rarest skin color after Galaxy and Acid skins  üî• 
Only one up on secondary right now is the VoldeLynx at 800A üëÄ
-
#Algo #Algofam #Algorand #AlgoNFTs https://t.co/rFRHlukl96",TheWolfofStPete,2,1,11,,"[User(username='linx_nft', id=1494375339027419146, displayname='Mayora Linx', description=None, rawDescription=None, descriptionUrls=None, verified=None, created=None, followersCount=None, friendsCount=None, statusesCount=None, favouritesCount=None, listedCount=None, mediaCount=None, location=None, protected=None, linkUrl=None, linkTcourl=None, profileImageUrl=None, profileBannerUrl=None, label=None)]"
74,1467717794485895168,https://twitter.com/artoonetwork/status/1467717794485895168,2021-12-06 04:49:25+00:00,"Newest addition to my @RPF_nft family. Now part of the monkey gang! Re-roll and skin color change is currently ongoing for the frens and I love it.

Artist: @raimochi__  

#NFT #rugpullfrens #NFTcollection #rugpullfamily https://t.co/HTBGSPU265",artoonetwork,1,6,35,,"[User(username='rpf_nft', id=1404149661842161664, displayname='DEX & NFT DATA üòª', description=None, rawDescription=None, descriptionUrls=None, verified=None, created=None, followersCount=None, friendsCount=None, statusesCount=None, favouritesCount=None, listedCount=None, mediaCount=None, location=None, protected=None, linkUrl=None, linkTcourl=None, profileImageUrl=None, profileBannerUrl=None, label=None), User(username='raimochi__', id=880091517292916736, displayname='Raimochi', description=None, rawDescription=None, descriptionUrls=None, verified=None, created=None, followersCount=None, friendsCount=None, statusesCount=None, favouritesCount=None, listedCount=None, mediaCount=None, location=None, protected=None, linkUrl=None, linkTcourl=None, profileImageUrl=None, profileBannerUrl=None, label=None)]"
75,1465532913789726727,https://twitter.com/CryptoVonDoom/status/1465532913789726727,2021-11-30 04:07:29+00:00,"NO OTHER PROJECT HAS EVER DONE THIS!!

Frens should come in all colors. 

If your @RPF_nft doesn‚Äôt match the color you want to see we‚Äôll have a simple form for you to fill out &amp; we can do a 1 time only Metadata swap &amp; update your NFT to match the skin color you want to see. https://t.co/hpoOHqeDSm",CryptoVonDoom,42,148,262,,"[User(username='rpf_nft', id=1404149661842161664, displayname='DEX & NFT DATA üòª', description=None, rawDescription=None, descriptionUrls=None, verified=None, created=None, followersCount=None, friendsCount=None, statusesCount=None, favouritesCount=None, listedCount=None, mediaCount=None, location=None, protected=None, linkUrl=None, linkTcourl=None, profileImageUrl=None, profileBannerUrl=None, label=None)]"
76,1464683162773118978,https://twitter.com/smilesss/status/1464683162773118978,2021-11-27 19:50:53+00:00,"you will be able to select which version of the animation you want based on the skin color of the Smilesssvrs NFT you own: OG, Silver, Red, &amp; Gold. 

you can only select one (if you own multiple), so choose wisely ::)",smilesss,1,2,29,,
77,1464443725476679680,https://twitter.com/smilesss/status/1464443725476679680,2021-11-27 03:59:26+00:00,"‚Ä¢ Minting will take place on our website 
‚Ä¢ Exact time will be announced tomorrow
‚Ä¢ NFT will be free to claim 
‚Ä¢ NFT will be the animation matched with the skin color you own 
‚Ä¢ 1 per wallet, if you own more then one skin color then you can only choose one to mint.",smilesss,4,8,88,,
78,1464443724453269508,https://twitter.com/smilesss/status/1464443724453269508,2021-11-27 03:59:26+00:00,"Following the skin tone themes in our collection, we will have special versions of each animation based on the skin color of the NFT you hold: OG, Silver, Red, and Gold. 

You will be able to claim 1 per wallet if you own multiple skin colors.",smilesss,1,5,59,,
79,1463736865786265600,https://twitter.com/Oshin76/status/1463736865786265600,2021-11-25 05:10:38+00:00,"A question for the #hashmask community. Would you buy an Aztec mask with freak eyes and blue skin color or a puppet if they were priced equally, and why?
#nft #og #nftcollectors #nftart $NCT",Oshin76,4,1,9,,
80,1459949977963315208,https://twitter.com/inimitable_eth/status/1459949977963315208,2021-11-14 18:22:53+00:00,"@selenagomez Come join us in the NFT space üåπüåπüåπ@Crypto__Chicks mission is to empower women in the crypto space and celebrate the unique beauty of every woman, regardless of her nationality, skin color, or age. https://t.co/S2oQ4zmj2r",inimitable_eth,4,9,82,,"[User(username='selenagomez', id=23375688, displayname='Selena Gomez', description=None, rawDescription=None, descriptionUrls=None, verified=None, created=None, followersCount=None, friendsCount=None, statusesCount=None, favouritesCount=None, listedCount=None, mediaCount=None, location=None, protected=None, linkUrl=None, linkTcourl=None, profileImageUrl=None, profileBannerUrl=None, label=None), User(username='crypto__chicks', id=1494035632481574915, displayname='Crypto Chicks NFTs has a new username!', description=None, rawDescription=None, descriptionUrls=None, verified=None, created=None, followersCount=None, friendsCount=None, statusesCount=None, favouritesCount=None, listedCount=None, mediaCount=None, location=None, protected=None, linkUrl=None, linkTcourl=None, profileImageUrl=None, profileBannerUrl=None, label=None)]"
81,1457777473047777288,https://twitter.com/moonwolf_io/status/1457777473047777288,2021-11-08 18:30:08+00:00,"üì¢NFT #Generative Art Challenge

üê∫Comment your #WOLF art
ü§ëWinner gets 1bn $WOLF Token (~1600 $USD)

Requirements:
- $WOLF face base
- various attributes (hat, skin, ...)
- color palette
- Pixel, comic, 3D...
 
#DAO voting on Sunday
#moowolf #Polygon #PolyognNFT #MATIC #opensea https://t.co/wElmlrFD9p",moonwolf_io,2,13,21,,
82,1454499211102212100,https://twitter.com/CryptoMonaNFT/status/1454499211102212100,2021-10-30 17:23:29+00:00,"This is #CryptoMona #41.  She has the darkest skin color and black frames.  Both of these are super-rarities.  She also has the clearest lenses in the series.

Rarity information is in the #NFT description.

https://t.co/rEfWZUuaAa

@Just_NFTs

@ONTHEBLOK_io https://t.co/yt6ARLFZnD",CryptoMonaNFT,1,2,14,,"[User(username='Just_NFTs', id=1395249537833345025, displayname='JustNFTs üÖÅüÖÖüÑΩ', description=None, rawDescription=None, descriptionUrls=None, verified=None, created=None, followersCount=None, friendsCount=None, statusesCount=None, favouritesCount=None, listedCount=None, mediaCount=None, location=None, protected=None, linkUrl=None, linkTcourl=None, profileImageUrl=None, profileBannerUrl=None, label=None), User(username='ONTHEBLOK_io', id=1361989862090489864, displayname='ontheblok', description=None, rawDescription=None, descriptionUrls=None, verified=None, created=None, followersCount=None, friendsCount=None, statusesCount=None, favouritesCount=None, listedCount=None, mediaCount=None, location=None, protected=None, linkUrl=None, linkTcourl=None, profileImageUrl=None, profileBannerUrl=None, label=None)]"
83,1452975955702652939,https://twitter.com/olavstubberud/status/1452975955702652939,2021-10-26 12:30:37+00:00,"¬´The masks symbolises that we are all the same. Skin color, age, genders, it is all elements that we get judged by, things that have no real hold.¬ª

""Black."" &amp; ""White"" from the [genesis] NFT series!

Preference white or black?ü§çüñ§üëÄ https://t.co/iVIz7fCmTX",olavstubberud,3,0,11,,
84,1450487688667140096,https://twitter.com/dudes_nft/status/1450487688667140096,2021-10-19 15:43:08+00:00,"Day:21 #5338

Background: Matte Green
Stamp: None
Stance: Forward Facing Ready
Skin Color: Medium
Clothing: Light Gray
Mask: Light Gray
Eyes: Green Glow
Weapon: Staff Two Hands

#CNFT #NFT #CardanoNFT #CardanoCommunity #ADA #NFTartworks https://t.co/Xfv1cFFzYv",dudes_nft,0,1,6,,
85,1448663241324851204,https://twitter.com/SelfieNft/status/1448663241324851204,2021-10-14 14:53:26+00:00,"Selfie NFT #110 - This 1/1 Rare Selfie NFT is available and waiting for you! 

https://t.co/EIDfB1ue7V

Can you give a RT to this piece? 

Only 50 pieces with different skin color will be made ! 
#nft #NFTcollectibles #nftart #hicetnunc2000 #tezos #nfts #xtz #CleanNFT https://t.co/TYPyT5cdG3",SelfieNft,0,3,6,,
86,1448351580374274051,https://twitter.com/dudes_nft/status/1448351580374274051,2021-10-13 18:15:00+00:00,"Day:16 #4592

Background: Apple Red 10.22%
Stamp: None 95.63%
Stance: Left Facing Punch 8%
Skin Color: Dark 28.84%
Clothing: Red 9.79%
Mask: Dark Gray 19.05%
Eyes: White 25.86%
Weapon: Left Punch Shockwave 1.31%üî•

#CNFT #NFT #CardanoNFT #CardanoCommunity #ADA #NFTartwork #Crypto https://t.co/l1wRVJyCmO",dudes_nft,1,3,6,,
87,1446880110741794827,https://twitter.com/BankofHome/status/1446880110741794827,2021-10-09 16:47:54+00:00,"lionrunio: @ShadowsFinger is finishing the last shading details today and we added another skin color for a touch of diversity. 

Expect the randomization of NFT to address to happen on Oct 10th live on air. Then Oct 11th, Astro will robo-send the NFTs d‚Ä¶ https://t.co/essZK86F2E",BankofHome,0,4,10,,"[User(username='ShadowsFinger', id=876869090362748932, displayname='ShadowsFinger', description=None, rawDescription=None, descriptionUrls=None, verified=None, created=None, followersCount=None, friendsCount=None, statusesCount=None, favouritesCount=None, listedCount=None, mediaCount=None, location=None, protected=None, linkUrl=None, linkTcourl=None, profileImageUrl=None, profileBannerUrl=None, label=None)]"
88,1446872771900882951,https://twitter.com/HeartsMetaverse/status/1446872771900882951,2021-10-09 16:18:45+00:00,"@ShadowsFinger is finishing the last shading details today and we added another skin color for a touch of diversity. 

Expect the randomization of NFT to address to happen on Oct 10th live on air. Then Oct 11th, Astro will robo-send the NFTs directly to your wallets. 

Thank you! https://t.co/ovIu9NawuG",HeartsMetaverse,2,7,19,,"[User(username='ShadowsFinger', id=876869090362748932, displayname='ShadowsFinger', description=None, rawDescription=None, descriptionUrls=None, verified=None, created=None, followersCount=None, friendsCount=None, statusesCount=None, favouritesCount=None, listedCount=None, mediaCount=None, location=None, protected=None, linkUrl=None, linkTcourl=None, profileImageUrl=None, profileBannerUrl=None, label=None)]"
89,1445169733708525573,https://twitter.com/SelfieNft/status/1445169733708525573,2021-10-04 23:31:29+00:00,"Selfie NFT #100 - This 1/1 Rare Selfie NFT is available and waiting for you! 

https://t.co/u7dSIyp2Bh

Can you give a RT to this piece? 

Only 50 pieces with different skin color will be made ! 

#nft #NFTcollectibles #nftart #hicetnunc2000 #tezos #nfts #xtz #CleanNFT https://t.co/fR7y2nL6h9",SelfieNft,1,3,12,,
90,1443996664050724866,https://twitter.com/Angel_Zerp/status/1443996664050724866,2021-10-01 17:50:07+00:00,"I have a great idea!  want to participate in the creation of a new 3D girl?  Sometimes I will create polls, and you choose the option that you like.  Thus, together with you we will create a girl nft 3d) from skin color to nft cost. I communicate through google translator, sorry)",Angel_Zerp,2,2,37,,
91,1442987068947316743,https://twitter.com/SelfieNft/status/1442987068947316743,2021-09-28 22:58:21+00:00,"Selfie NFT #90 - This 1/1 Rare Selfie NFT is available and waiting for you! 

https://t.co/foBpEKpguT

Can you give a RT to this piece? 

Only 50 pieces with different skin color will be made Winking face
#nft #NFTcollectibles #nftart #hicetnunc2000 #tezos #nfts #xtz #CleanNFT https://t.co/5mWLXp4lo1",SelfieNft,0,1,5,,
92,1439399503308668929,https://twitter.com/wenreveal/status/1439399503308668929,2021-09-19 01:22:38+00:00,"I aint sleepy. #NFT #nfts @Deadfellaznft yeah, skin color is @coolcatsnft #TheHordeIsComing https://t.co/vfQWDxNwoC",wenreveal,5,6,39,,"[User(username='coolcatsnft', id=1395553778187718657, displayname='Cool Cats', description=None, rawDescription=None, descriptionUrls=None, verified=None, created=None, followersCount=None, friendsCount=None, statusesCount=None, favouritesCount=None, listedCount=None, mediaCount=None, location=None, protected=None, linkUrl=None, linkTcourl=None, profileImageUrl=None, profileBannerUrl=None, label=None)]"
93,1438850290837442564,https://twitter.com/muzzjamal/status/1438850290837442564,2021-09-17 13:00:16+00:00,"Just drop my Tanjaknizer NFT! at @pentas_io 

First batch available here!

optimal prima https://t.co/bQaEL863aE
span bob https://t.co/p91BNGDh1I
stesen main 5 https://t.co/T7jPeQxOjb
no skin color https://t.co/dglV74PNUE
original https://t.co/DiPsLERZvQ https://t.co/Fu3b6YvgpN",muzzjamal,1,6,17,,"[User(username='pentas_io', id=1376144845970923527, displayname='Pentas | Asia NFT Marketplace', description=None, rawDescription=None, descriptionUrls=None, verified=None, created=None, followersCount=None, friendsCount=None, statusesCount=None, favouritesCount=None, listedCount=None, mediaCount=None, location=None, protected=None, linkUrl=None, linkTcourl=None, profileImageUrl=None, profileBannerUrl=None, label=None)]"
94,1435669640026329090,https://twitter.com/dhizzle777/status/1435669640026329090,2021-09-08 18:21:30+00:00,"Trying to pick up another @fame_ladies NFT near floor.. anybody know what traits are most desired? Or should I go by the overall rarest within my budget? 

I wanted a non-human skin color but they're a bit pricier than I can afford, since I also want to get another @DeadHeadsNFT",dhizzle777,5,2,16,,"[User(username='fame_ladies', id=1425122574221017090, displayname='Fame Lady Squad', description=None, rawDescription=None, descriptionUrls=None, verified=None, created=None, followersCount=None, friendsCount=None, statusesCount=None, favouritesCount=None, listedCount=None, mediaCount=None, location=None, protected=None, linkUrl=None, linkTcourl=None, profileImageUrl=None, profileBannerUrl=None, label=None), User(username='DeadHeadsNFT', id=1407160196766613513, displayname='DeadHeads ü™¶', description=None, rawDescription=None, descriptionUrls=None, verified=None, created=None, followersCount=None, friendsCount=None, statusesCount=None, favouritesCount=None, listedCount=None, mediaCount=None, location=None, protected=None, linkUrl=None, linkTcourl=None, profileImageUrl=None, profileBannerUrl=None, label=None)]"
95,1430074964800065547,https://twitter.com/FastFoodDrunks/status/1430074964800065547,2021-08-24 07:50:15+00:00,"üçäHave you spotted the Trump skin color drunks yet?!?üçä

üö®Only 1 remains so far out of the first 50üö®

üçªNext 50 Drunks Go On Sale for .01ETH at 7PM ESTüçªOnly 1,000 will EXIST!
https://t.co/jwbmar0Kxr
#fastfooddrunks #nft #fastfood #nftdrop #danknfts #fastfoodpunks #nftcollector https://t.co/4jG59Wk6IE",FastFoodDrunks,1,5,9,,
96,1429294981324304385,https://twitter.com/salary_cat/status/1429294981324304385,2021-08-22 04:10:53+00:00,"#24px cat skin color = blue.
Blue chip NFT confirmed ‚úÖ",salary_cat,2,4,25,,
97,1428147754166013957,https://twitter.com/ZexonONerotaki/status/1428147754166013957,2021-08-19 00:12:12+00:00,"@Kenshiro_NFT But that isn't true when we are still fighting racism till this day.
I'm literally judged by my skin color every time i walk outside.",ZexonONerotaki,0,0,4,,"[User(username='Kenshiro_NFT', id=1301247933732581376, displayname='Kenshiro', description=None, rawDescription=None, descriptionUrls=None, verified=None, created=None, followersCount=None, friendsCount=None, statusesCount=None, favouritesCount=None, listedCount=None, mediaCount=None, location=None, protected=None, linkUrl=None, linkTcourl=None, profileImageUrl=None, profileBannerUrl=None, label=None)]"
98,1427655508895404038,https://twitter.com/sasponella/status/1427655508895404038,2021-08-17 15:36:12+00:00,@Kenshiro_NFT @Izzyalright Saying you don‚Äôt see skin color towards someone whose peers have been discriminated against for centuries because of skin color? You are truly delusional and without any type of empathy and you lack an understanding of basic HISTORY,sasponella,1,2,11,,"[User(username='Kenshiro_NFT', id=1301247933732581376, displayname='Kenshiro', description=None, rawDescription=None, descriptionUrls=None, verified=None, created=None, followersCount=None, friendsCount=None, statusesCount=None, favouritesCount=None, listedCount=None, mediaCount=None, location=None, protected=None, linkUrl=None, linkTcourl=None, profileImageUrl=None, profileBannerUrl=None, label=None), User(username='Izzyalright', id=2160410787, displayname='ùìïaithLove', description=None, rawDescription=None, descriptionUrls=None, verified=None, created=None, followersCount=None, friendsCount=None, statusesCount=None, favouritesCount=None, listedCount=None, mediaCount=None, location=None, protected=None, linkUrl=None, linkTcourl=None, profileImageUrl=None, profileBannerUrl=None, label=None)]"
99,1419364114854338572,https://twitter.com/painter_crypto/status/1419364114854338572,2021-07-25 18:29:10+00:00,"Bunch of friends have been asking me about nft lately. Why are people joining exclusive ‚Äúonline country clubs?‚Äù

I laughed because I guess we are a country club in many ways. 

My simple answer: Online country clubs don‚Äôt care where you‚Äôre from, your skin color, accent, job etc.",painter_crypto,13,21,141,,
100,1418249556043706370,https://twitter.com/FinchMuted/status/1418249556043706370,2021-07-22 16:40:18+00:00,"I just discovered @Kidsbits_nft yesterday but I‚Äôm already in love üòç 
Such a good balance in diversity of characters btwn gender and skin color. Ya love to see this in a project. There‚Äôs something for everyone and the special characters are awesome!
I need more!!!!",FinchMuted,0,2,7,,"[User(username='Kidsbits_nft', id=1390105375282696201, displayname='The Kidsbits', description=None, rawDescription=None, descriptionUrls=None, verified=None, created=None, followersCount=None, friendsCount=None, statusesCount=None, favouritesCount=None, listedCount=None, mediaCount=None, location=None, protected=None, linkUrl=None, linkTcourl=None, profileImageUrl=None, profileBannerUrl=None, label=None)]"
101,1411392375285497857,https://twitter.com/MajorShankEm/status/1411392375285497857,2021-07-03 18:32:19+00:00,"one of my current favorite projects is @coolcatsnft, here‚Äôs why:
- cute, friendly art
- mostly all have the same skin/color, making the traits more important
- great potential entry point for #NFT newcomers. üß®",MajorShankEm,3,2,32,,"[User(username='coolcatsnft', id=1395553778187718657, displayname='Cool Cats', description=None, rawDescription=None, descriptionUrls=None, verified=None, created=None, followersCount=None, friendsCount=None, statusesCount=None, favouritesCount=None, listedCount=None, mediaCount=None, location=None, protected=None, linkUrl=None, linkTcourl=None, profileImageUrl=None, profileBannerUrl=None, label=None)]"
102,1398566281494863877,https://twitter.com/cypherchk/status/1398566281494863877,2021-05-29 09:06:00+00:00,"The #NFT space doesn't care where you are from, your skin color or what you have accomplished as an artist before. 

At least I don't. And this is what is truly magical about this whole #NFTCommunity üíúüå∫‚ú® 

#NFTs #NFTCollectors",cypherchk,12,9,44,,
103,1381052888718446599,https://twitter.com/EthJasper/status/1381052888718446599,2021-04-11 01:14:02+00:00,"@NeuralPepe is a #NFT collectible project on #BSC 

üê∏ 7,777 Unique Pepe
üê∏ Ai-generated 
üê∏ Each Pepe has traits (skin color, eyes, background)

üíö Initial Pepe Offering starts 12th of April, 17:00 UTC

Don't miss this

üåê Links:
https://t.co/qDfh92LUw6
https://t.co/86rLqpXQUG https://t.co/pEobK7xHqN",EthJasper,5,4,19,,"[User(username='NeuralPepe', id=1374391568409366536, displayname='Neural Frens', description=None, rawDescription=None, descriptionUrls=None, verified=None, created=None, followersCount=None, friendsCount=None, statusesCount=None, favouritesCount=None, listedCount=None, mediaCount=None, location=None, protected=None, linkUrl=None, linkTcourl=None, profileImageUrl=None, profileBannerUrl=None, label=None)]"
104,1379647356434546688,https://twitter.com/punkbodies/status/1379647356434546688,2021-04-07 04:08:57+00:00,"We outlined the rarity of the traits in our collection! The value of each Body will ultimately be up to the market

The # of types &amp; skin color of Punks matches the # of Bodies. Theoretically, every Punk can have a matching Body.

https://t.co/dsTkDoeGDn

#nft #nftcommunity",punkbodies,2,4,11,,
105,1378424729011429377,https://twitter.com/HighPotatoNFT/status/1378424729011429377,2021-04-03 19:10:39+00:00,"üì£ First Official Rarityü§Ø 

Highpotatoes are in 6 different skin colors.
üëë There is only One king per skin color.
Obviously there are only 6 Kings in  the total collection of 1450 (0.4 %) and 3 of them are in the first batch !

King No.2 :

#nft #rare
https://t.co/Kyg3C0Eue6",HighPotatoNFT,0,0,7,,
106,1374078616397619205,https://twitter.com/gem_insider/status/1374078616397619205,2021-03-22 19:20:45+00:00,"I found another interesting #NFT project

‚ÑπÔ∏è@Crypto_Gamblers is randomly a limited NFT collection of 777 completely randomly generated #NFT.

Each NFT is generated with 77 potential variables across 7 different traits such as face, skin color, clothing

&gt; https://t.co/rJJu2xyb3k https://t.co/IVXibmKTWx",gem_insider,3,4,15,,"[User(username='Crypto_Gamblers', id=1370005421486968838, displayname='üé≤Crypto Gamblersüé≤', description=None, rawDescription=None, descriptionUrls=None, verified=None, created=None, followersCount=None, friendsCount=None, statusesCount=None, favouritesCount=None, listedCount=None, mediaCount=None, location=None, protected=None, linkUrl=None, linkTcourl=None, profileImageUrl=None, profileBannerUrl=None, label=None)]"
107,1373390983791054849,https://twitter.com/WenMunNau/status/1373390983791054849,2021-03-20 21:48:21+00:00,"There are only 15 completely naked @niftydudes out there - 1 from each skin color/gender.
I think many don‚Äôt know yet, that a naked #Niftydude might be one of the rarest.

1024 dudes exist in total.
Every dude is unique.
Every single dude was created by an individual.

#NFT",WenMunNau,4,7,36,,"[User(username='niftydudes', id=1361081016987881479, displayname='niftydude.eth', description=None, rawDescription=None, descriptionUrls=None, verified=None, created=None, followersCount=None, friendsCount=None, statusesCount=None, favouritesCount=None, listedCount=None, mediaCount=None, location=None, protected=None, linkUrl=None, linkTcourl=None, profileImageUrl=None, profileBannerUrl=None, label=None)]"
108,1364841348826689539,https://twitter.com/SotoTrash/status/1364841348826689539,2021-02-25 07:35:09+00:00,"üåª Bloom üå∏

The humanity will only bloom when we finally able to work with each other without seeing gender and skin color.

Minted my irst piece on @withFND! üåê

‚Üí https://t.co/8vfHn9e9qu 

#NFT #Cryptoart #nftart #3dart https://t.co/ipMDLwIIaU",SotoTrash,3,2,24,,
109,1358328124413386752,https://twitter.com/Smart_NFT_News/status/1358328124413386752,2021-02-07 08:13:56+00:00,"üÉèHash Masks

üéÜ@TheHashmasks is a living digital art collectible created by over 70 artists globally.

üéÜ#HashMasks is a unique, one-of-a-kind design, and the mystical attributes character, eye color and skin color.

‚û°Ô∏èINFO
https://t.co/2CcfUWx74R

#SNN1 #NFT #SmartLiquidity https://t.co/RdKpww7lLZ",Smart_NFT_News,9,55,62,,"[User(username='TheHashmasks', id=1315596439389691904, displayname='Hashmasks', description=None, rawDescription=None, descriptionUrls=None, verified=None, created=None, followersCount=None, friendsCount=None, statusesCount=None, favouritesCount=None, listedCount=None, mediaCount=None, location=None, protected=None, linkUrl=None, linkTcourl=None, profileImageUrl=None, profileBannerUrl=None, label=None)]"
110,1342968465347518468,https://twitter.com/iamtomford_/status/1342968465347518468,2020-12-26 23:00:07+00:00,@_Made_In_Lagos @BenzAkwasi @MeekMill Like your skin color ryt üòÇüòÇ,iamtomford_,0,0,22,,"[User(username='MeekMill', id=20567939, displayname='MeekMill.nft', description=None, rawDescription=None, descriptionUrls=None, verified=None, created=None, followersCount=None, friendsCount=None, statusesCount=None, favouritesCount=None, listedCount=None, mediaCount=None, location=None, protected=None, linkUrl=None, linkTcourl=None, profileImageUrl=None, profileBannerUrl=None, label=None)]"
111,1318796281121181696,https://twitter.com/sandyme0ws/status/1318796281121181696,2020-10-21 06:08:30+00:00,"New @AvaStarsNFT Bounty!üî•üî•üî•

Odds 1 in 64 Million! ü§©

Bounty is for 3x Legendary- Hair Color, Skin Color, Eye Color! Find &amp; Mint for a Reward: We will pay the bounty no matter the rank up to 25!

May the odds be ever in your favor, hunt here:  https://t.co/wAWGCUvmPG

#NFT https://t.co/6c6OQ3e3EY",sandyme0ws,4,8,23,,"[User(username='AvaStarsNFT', id=1157375410956455937, displayname='Avastars', description=None, rawDescription=None, descriptionUrls=None, verified=None, created=None, followersCount=None, friendsCount=None, statusesCount=None, favouritesCount=None, listedCount=None, mediaCount=None, location=None, protected=None, linkUrl=None, linkTcourl=None, profileImageUrl=None, profileBannerUrl=None, label=None)]"
112,1272999184736583693,https://twitter.com/BlackSheepAwake/status/1272999184736583693,2020-06-16 21:07:11+00:00,"@MeekMill It ain't just about skin color Meek. You know this. Those ""brothas"" are expected to hit those quotas and rep that Blue Wall just like their White counterparts if not more.

99% of brothas lose Black when they put on Blue.",BlackSheepAwake,1,2,17,,"[User(username='MeekMill', id=20567939, displayname='MeekMill.nft', description=None, rawDescription=None, descriptionUrls=None, verified=None, created=None, followersCount=None, friendsCount=None, statusesCount=None, favouritesCount=None, listedCount=None, mediaCount=None, location=None, protected=None, linkUrl=None, linkTcourl=None, profileImageUrl=None, profileBannerUrl=None, label=None)]"
113,1225232433592836096,https://twitter.com/RYxHndrxx/status/1225232433592836096,2020-02-06 01:39:10+00:00,"@EliseeMartiann @blackarbitrary @litasadiamond @notsoversetile @MeekMill @l2ichie_ Doesn‚Äôt matter my skin color, you know we can‚Äôt be saying that word come on üò™",RYxHndrxx,0,0,12,,"[User(username='EliseeMartiann', id=1223014936051437568, displayname='EliseeMartiann', description=None, rawDescription=None, descriptionUrls=None, verified=None, created=None, followersCount=None, friendsCount=None, statusesCount=None, favouritesCount=None, listedCount=None, mediaCount=None, location=None, protected=None, linkUrl=None, linkTcourl=None, profileImageUrl=None, profileBannerUrl=None, label=None), User(username='notsoversetile', id=1399901213513109511, displayname='3', description=None, rawDescription=None, descriptionUrls=None, verified=None, created=None, followersCount=None, friendsCount=None, statusesCount=None, favouritesCount=None, listedCount=None, mediaCount=None, location=None, protected=None, linkUrl=None, linkTcourl=None, profileImageUrl=None, profileBannerUrl=None, label=None), User(username='MeekMill', id=20567939, displayname='MeekMill.nft', description=None, rawDescription=None, descriptionUrls=None, verified=None, created=None, followersCount=None, friendsCount=None, statusesCount=None, favouritesCount=None, listedCount=None, mediaCount=None, location=None, protected=None, linkUrl=None, linkTcourl=None, profileImageUrl=None, profileBannerUrl=None, label=None), User(username='l2ichie_', id=3345968571, displayname='Ÿã', description=None, rawDescription=None, descriptionUrls=None, verified=None, created=None, followersCount=None, friendsCount=None, statusesCount=None, favouritesCount=None, listedCount=None, mediaCount=None, location=None, protected=None, linkUrl=None, linkTcourl=None, profileImageUrl=None, profileBannerUrl=None, label=None)]"
114,1137499490296799234,https://twitter.com/_sevenohtwo/status/1137499490296799234,2019-06-08 23:19:46+00:00,@MeekMill @__jarrell___ i agree. even being white the show pisses me off so much cause i know how wrong that shit is &amp; it irks my soul to see anybody mistreated over their skin color. everyone should watch it so they see what rly goes on in America. this shit gotta stop.,_sevenohtwo,0,0,9,,"[User(username='MeekMill', id=20567939, displayname='MeekMill.nft', description=None, rawDescription=None, descriptionUrls=None, verified=None, created=None, followersCount=None, friendsCount=None, statusesCount=None, favouritesCount=None, listedCount=None, mediaCount=None, location=None, protected=None, linkUrl=None, linkTcourl=None, profileImageUrl=None, profileBannerUrl=None, label=None), User(username='__jarrell___', id=2457223111, displayname='jarrell.', description=None, rawDescription=None, descriptionUrls=None, verified=None, created=None, followersCount=None, friendsCount=None, statusesCount=None, favouritesCount=None, listedCount=None, mediaCount=None, location=None, protected=None, linkUrl=None, linkTcourl=None, profileImageUrl=None, profileBannerUrl=None, label=None)]"
115,1133085463441530887,https://twitter.com/okayplayer/status/1133085463441530887,2019-05-27 19:00:00+00:00,"After being threatened with arrest for trespassing at a Vegas casino, @MeekMill‚Äôs attorney discovered the venue ‚Äúmaintains a list of African American recording artists who should be denied access for no other reason than their culture and skin color.‚Äù https://t.co/y4QBTo1hnN https://t.co/DVuSdGFuft",okayplayer,1,9,9,,"[User(username='MeekMill', id=20567939, displayname='MeekMill.nft', description=None, rawDescription=None, descriptionUrls=None, verified=None, created=None, followersCount=None, friendsCount=None, statusesCount=None, favouritesCount=None, listedCount=None, mediaCount=None, location=None, protected=None, linkUrl=None, linkTcourl=None, profileImageUrl=None, profileBannerUrl=None, label=None)]"
116,1132919366687682560,https://twitter.com/okayplayer/status/1132919366687682560,2019-05-27 08:00:00+00:00,"After being threatened with arrest for trespassing at a Vegas casino, @MeekMill‚Äôs attorney discovered the venue ‚Äúmaintains a list of African American recording artists who should be denied access for no other reason than their culture and skin color.‚Äù https://t.co/y4QBTnJFZd https://t.co/6pKQZzxGBf",okayplayer,153,3509,4392,,"[User(username='MeekMill', id=20567939, displayname='MeekMill.nft', description=None, rawDescription=None, descriptionUrls=None, verified=None, created=None, followersCount=None, friendsCount=None, statusesCount=None, favouritesCount=None, listedCount=None, mediaCount=None, location=None, protected=None, linkUrl=None, linkTcourl=None, profileImageUrl=None, profileBannerUrl=None, label=None)]"
117,1132743828736270338,https://twitter.com/Trinidadjamesgg/status/1132743828736270338,2019-05-26 20:22:28+00:00,Cafeteria restaurant in nyc did the same thing to me they did to @MeekMill recently. That shit hurt your soul cause it‚Äôs basically based off your skin color. It‚Äôs police for everything else in the world but nothing for this type of racism. Damn shame. #DAD @CAFETERIAnyc RACIST.,Trinidadjamesgg,1,3,13,,"[User(username='MeekMill', id=20567939, displayname='MeekMill.nft', description=None, rawDescription=None, descriptionUrls=None, verified=None, created=None, followersCount=None, friendsCount=None, statusesCount=None, favouritesCount=None, listedCount=None, mediaCount=None, location=None, protected=None, linkUrl=None, linkTcourl=None, profileImageUrl=None, profileBannerUrl=None, label=None), User(username='CAFETERIAnyc', id=19982671, displayname='CAFETERIA', description=None, rawDescription=None, descriptionUrls=None, verified=None, created=None, followersCount=None, friendsCount=None, statusesCount=None, favouritesCount=None, listedCount=None, mediaCount=None, location=None, protected=None, linkUrl=None, linkTcourl=None, profileImageUrl=None, profileBannerUrl=None, label=None)]"
118,1132518476566999040,https://twitter.com/Rosie43dm/status/1132518476566999040,2019-05-26 05:27:00+00:00,"@MeekMill Again - ""... we have learned that the Cosmopolitan maintains a list of African American recording artists who should be denied access for no other reason than than their culture and skin color.‚Äù",Rosie43dm,0,0,10,,"[User(username='MeekMill', id=20567939, displayname='MeekMill.nft', description=None, rawDescription=None, descriptionUrls=None, verified=None, created=None, followersCount=None, friendsCount=None, statusesCount=None, favouritesCount=None, listedCount=None, mediaCount=None, location=None, protected=None, linkUrl=None, linkTcourl=None, profileImageUrl=None, profileBannerUrl=None, label=None)]"
119,927821418645131264,https://twitter.com/Beausteven_blog/status/927821418645131264,2017-11-07 08:53:58+00:00,"@sparrowmedia @MeekMill u neva luked in2 my eyes. u neve used d wisdom of Solomon. I always felt u had sometin against me‚Äù
Dey dont care bout dcase jus d skin color https://t.co/knUynX1lVP",Beausteven_blog,1,1,10,,"[User(username='sparrowmedia', id=42970367, displayname='The Sparrow Project', description=None, rawDescription=None, descriptionUrls=None, verified=None, created=None, followersCount=None, friendsCount=None, statusesCount=None, favouritesCount=None, listedCount=None, mediaCount=None, location=None, protected=None, linkUrl=None, linkTcourl=None, profileImageUrl=None, profileBannerUrl=None, label=None), User(username='MeekMill', id=20567939, displayname='MeekMill.nft', description=None, rawDescription=None, descriptionUrls=None, verified=None, created=None, followersCount=None, friendsCount=None, statusesCount=None, favouritesCount=None, listedCount=None, mediaCount=None, location=None, protected=None, linkUrl=None, linkTcourl=None, profileImageUrl=None, profileBannerUrl=None, label=None)]"
